{"cameraMode":{"drawMode":0,"name":"Shaded","section":"Shading Mode"},"sceneLighting":true,"audioPlay":false,"sceneViewState":{"showFog":true,"showMaterialUpdate":true,"showSkybox":true,"showFlares":true,"showImageEffects":true,"showParticleSystems":true},"in2DMode":false,"pivot":{"x":6.140186309814453,"y":-9.64152717590332,"z":23.755842208862306},"rotation":{"x":0.23651030659675599,"y":-0.6749826073646545,"z":0.24371421337127686,"w":0.6550310254096985},"size":37.51974105834961,"orthographic":false}