{"cameraMode":{"drawMode":0,"name":"Shaded","section":"Shading Mode"},"sceneLighting":true,"audioPlay":false,"sceneViewState":{"showFog":true,"showMaterialUpdate":true,"showSkybox":true,"showFlares":true,"showImageEffects":true,"showParticleSystems":true},"in2DMode":false,"pivot":{"x":5.751253604888916,"y":-0.947235107421875,"z":3.6754684448242189},"rotation":{"x":0.34855955839157107,"y":0.06740213930606842,"z":-0.02513975091278553,"w":0.9345221519470215},"size":57.2218017578125,"orthographic":false}