{"cameraMode":{"drawMode":0,"name":"Shaded","section":"Shading Mode"},"sceneLighting":true,"audioPlay":false,"sceneViewState":{"showFog":true,"showMaterialUpdate":true,"showSkybox":true,"showFlares":true,"showImageEffects":true,"showParticleSystems":true},"in2DMode":false,"pivot":{"x":-2.2929868698120119,"y":-2.4638099670410158,"z":3.928948402404785},"rotation":{"x":0.3650261163711548,"y":-0.3530266284942627,"z":0.15196958184242249,"w":0.8479588627815247},"size":29.082744598388673,"orthographic":false}