{"cameraMode":{"drawMode":0,"name":"Shaded","section":"Shading Mode"},"sceneLighting":true,"audioPlay":false,"sceneViewState":{"showFog":true,"showMaterialUpdate":true,"showSkybox":true,"showFlares":true,"showImageEffects":true,"showParticleSystems":true},"in2DMode":false,"pivot":{"x":0.4178123474121094,"y":-0.8296041488647461,"z":5.051111221313477},"rotation":{"x":0.3543316423892975,"y":-0.13122521340847016,"z":0.050294503569602969,"w":0.9244998097419739},"size":15.703893661499024,"orthographic":false}