{"cameraMode":{"drawMode":0,"name":"Shaded","section":"Shading Mode"},"sceneLighting":true,"audioPlay":false,"sceneViewState":{"showFog":true,"showMaterialUpdate":false,"showSkybox":true,"showFlares":true,"showImageEffects":true,"showParticleSystems":true},"in2DMode":false,"pivot":{"x":25.67149543762207,"y":18.477672576904298,"z":-8.33526611328125},"rotation":{"x":0.28598734736442568,"y":-0.08896686881780625,"z":0.026652580127120019,"w":0.9537911415100098},"size":61.49226379394531,"orthographic":false}