{"cameraMode":{"drawMode":0,"name":"Shaded","section":"Shading Mode"},"sceneLighting":true,"audioPlay":false,"sceneViewState":{"showFog":true,"showMaterialUpdate":false,"showSkybox":true,"showFlares":true,"showImageEffects":true,"showParticleSystems":true},"in2DMode":false,"pivot":{"x":194.9968719482422,"y":-1.5712385177612305,"z":-256.8373718261719},"rotation":{"x":0.15354371070861817,"y":0.5195674300193787,"z":-0.09550300240516663,"w":0.8351576328277588},"size":13.768001556396485,"orthographic":false}