{"cameraMode":{"drawMode":0,"name":"Shaded","section":"Shading Mode"},"sceneLighting":true,"audioPlay":false,"sceneViewState":{"showFog":true,"showMaterialUpdate":false,"showSkybox":true,"showFlares":true,"showImageEffects":true,"showParticleSystems":true},"in2DMode":false,"pivot":{"x":2.457066297531128,"y":-17.10746955871582,"z":-1060.0677490234375},"rotation":{"x":0.3862353265285492,"y":0.5454618334770203,"z":-0.31172576546669009,"w":0.6755373477935791},"size":1371.36474609375,"orthographic":false}