{"cameraMode":{"drawMode":0,"name":"Shaded","section":"Shading Mode"},"sceneLighting":true,"audioPlay":false,"sceneViewState":{"showFog":true,"showMaterialUpdate":false,"showSkybox":true,"showFlares":true,"showImageEffects":true,"showParticleSystems":true},"in2DMode":false,"pivot":{"x":304.0400085449219,"y":1.7159509658813477,"z":-339.989990234375},"rotation":{"x":-0.31170013546943667,"y":-0.046681612730026248,"z":0.010674894787371159,"w":-0.9500677585601807},"size":45.94916915893555,"orthographic":false}